{
  "faq": {
    "precision": 0.9893475366178429,
    "recall": 0.9986559139784946,
    "f1-score": 0.9939799331103679,
    "support": 744,
    "confused_with": {
      "agradecimiento": 1
    }
  },
  "despedida": {
    "precision": 1.0,
    "recall": 0.6363636363636364,
    "f1-score": 0.7777777777777778,
    "support": 11,
    "confused_with": {
      "agradecimiento": 2,
      "saludo": 1
    }
  },
  "matricula_procedimiento": {
    "precision": 0.0,
    "recall": 0.0,
    "f1-score": 0.0,
    "support": 6,
    "confused_with": {
      "faq": 5,
      "agradecimiento": 1
    }
  },
  "agradecimiento": {
    "precision": 0.9245283018867925,
    "recall": 0.98,
    "f1-score": 0.9514563106796116,
    "support": 50,
    "confused_with": {
      "faq": 1
    }
  },
  "saludo": {
    "precision": 0.9473684210526315,
    "recall": 0.9473684210526315,
    "f1-score": 0.9473684210526315,
    "support": 19,
    "confused_with": {
      "faq": 1
    }
  },
  "accuracy": 0.9843373493975903,
  "macro avg": {
    "precision": 0.7722488519114534,
    "recall": 0.7124775942789525,
    "f1-score": 0.7341164885240777,
    "support": 830
  },
  "weighted avg": {
    "precision": 0.977471063057849,
    "recall": 0.9843373493975903,
    "f1-score": 0.9803005317152408,
    "support": 830
  }
}