{
  "course": {
    "precision": 0.65,
    "recall": 0.1368421052631579,
    "f1-score": 0.22608695652173913,
    "support": 95,
    "confused_with": {
      "room": 1
    }
  },
  "room": {
    "precision": 0.9166666666666666,
    "recall": 0.5789473684210527,
    "f1-score": 0.7096774193548387,
    "support": 19,
    "confused_with": {
      "course": 1
    }
  },
  "section": {
    "precision": 0.0,
    "recall": 0.0,
    "f1-score": 0.0,
    "support": 8,
    "confused_with": {
      "course": 3
    }
  },
  "micro avg": {
    "precision": 0.75,
    "recall": 0.19672131147540983,
    "f1-score": 0.3116883116883117,
    "support": 122
  },
  "macro avg": {
    "precision": 0.5222222222222223,
    "recall": 0.23859649122807017,
    "f1-score": 0.31192145862552595,
    "support": 122
  },
  "weighted avg": {
    "precision": 0.6489071038251365,
    "recall": 0.19672131147540983,
    "f1-score": 0.2865748511254685,
    "support": 122
  },
  "accuracy": 0.9902406029568074
}