{
  "agradecimiento": {
    "precision": 0.9795918367346939,
    "recall": 0.96,
    "f1-score": 0.9696969696969697,
    "support": 50,
    "confused_with": {
      "faq": 2
    }
  },
  "despedida": {
    "precision": 0.7,
    "recall": 0.6363636363636364,
    "f1-score": 0.6666666666666666,
    "support": 11,
    "confused_with": {
      "saludo": 4
    }
  },
  "saludo": {
    "precision": 0.7894736842105263,
    "recall": 0.7894736842105263,
    "f1-score": 0.7894736842105263,
    "support": 19,
    "confused_with": {
      "despedida": 3,
      "agradecimiento": 1
    }
  },
  "faq": {
    "precision": 0.99721059972106,
    "recall": 1.0,
    "f1-score": 0.9986033519553074,
    "support": 715,
    "confused_with": {}
  },
  "accuracy": 0.9874213836477987,
  "macro avg": {
    "precision": 0.8665690301665699,
    "recall": 0.8464593301435406,
    "f1-score": 0.8561101681323674,
    "support": 795
  },
  "weighted avg": {
    "precision": 0.9870253718708081,
    "recall": 0.9874213836477987,
    "f1-score": 0.9871944383222977,
    "support": 795
  }
}