{
  "despedida": {
    "precision": 0.75,
    "recall": 0.8181818181818182,
    "f1-score": 0.7826086956521738,
    "support": 11,
    "confused_with": {
      "saludo": 2
    }
  },
  "denegar_mas_ayuda": {
    "precision": 0.9565217391304348,
    "recall": 0.9565217391304348,
    "f1-score": 0.9565217391304348,
    "support": 23,
    "confused_with": {
      "confirmar_requerir_mas_ayuda": 1
    }
  },
  "matricula_procedimiento": {
    "precision": 0.5,
    "recall": 0.3,
    "f1-score": 0.37499999999999994,
    "support": 10,
    "confused_with": {
      "faq": 7
    }
  },
  "confirmar_requerir_mas_ayuda": {
    "precision": 0.8333333333333334,
    "recall": 0.9090909090909091,
    "f1-score": 0.8695652173913043,
    "support": 11,
    "confused_with": {
      "denegar_mas_ayuda": 1
    }
  },
  "faq": {
    "precision": 0.9910025706940874,
    "recall": 0.9961240310077519,
    "f1-score": 0.9935567010309277,
    "support": 774,
    "confused_with": {
      "matricula_procedimiento": 3
    }
  },
  "saludo": {
    "precision": 0.8823529411764706,
    "recall": 0.7894736842105263,
    "f1-score": 0.8333333333333333,
    "support": 19,
    "confused_with": {
      "despedida": 3,
      "confirmar_requerir_mas_ayuda": 1
    }
  },
  "accuracy": 0.9787735849056604,
  "macro avg": {
    "precision": 0.8188684307223877,
    "recall": 0.7948986969369067,
    "f1-score": 0.8017642810896956,
    "support": 848
  },
  "weighted avg": {
    "precision": 0.9766714177667962,
    "recall": 0.9787735849056604,
    "f1-score": 0.9773232700173935,
    "support": 848
  }
}