{
  "section": {
    "precision": 1.0,
    "recall": 1.0,
    "f1-score": 1.0,
    "support": 8,
    "confused_with": {}
  },
  "course": {
    "precision": 0.8313253012048193,
    "recall": 0.7263157894736842,
    "f1-score": 0.7752808988764045,
    "support": 95,
    "confused_with": {}
  },
  "room": {
    "precision": 0.7647058823529411,
    "recall": 0.6842105263157895,
    "f1-score": 0.7222222222222222,
    "support": 19,
    "confused_with": {}
  },
  "micro avg": {
    "precision": 0.8333333333333334,
    "recall": 0.7377049180327869,
    "f1-score": 0.782608695652174,
    "support": 122
  },
  "macro avg": {
    "precision": 0.8653437278525868,
    "recall": 0.8035087719298245,
    "f1-score": 0.8325010403662089,
    "support": 122
  },
  "weighted avg": {
    "precision": 0.832010781796424,
    "recall": 0.7377049180327869,
    "f1-score": 0.7817533411104971,
    "support": 122
  },
  "accuracy": 0.9951686153251522
}