{
  "room": {
    "precision": 1.0,
    "recall": 0.3157894736842105,
    "f1-score": 0.4799999999999999,
    "support": 19,
    "confused_with": {}
  },
  "section": {
    "precision": 0.8,
    "recall": 0.5,
    "f1-score": 0.6153846153846154,
    "support": 8,
    "confused_with": {}
  },
  "course": {
    "precision": 0.8356164383561644,
    "recall": 0.6421052631578947,
    "f1-score": 0.7261904761904762,
    "support": 95,
    "confused_with": {}
  },
  "micro avg": {
    "precision": 0.8452380952380952,
    "recall": 0.5819672131147541,
    "f1-score": 0.6893203883495145,
    "support": 122
  },
  "macro avg": {
    "precision": 0.8785388127853881,
    "recall": 0.4859649122807017,
    "f1-score": 0.6071916971916972,
    "support": 122
  },
  "weighted avg": {
    "precision": 0.8588816528183247,
    "recall": 0.5819672131147541,
    "f1-score": 0.6805833783702636,
    "support": 122
  },
  "accuracy": 0.9938158276161948
}