{
  "despedida": {
    "precision": 0.6666666666666666,
    "recall": 0.36363636363636365,
    "f1-score": 0.4705882352941177,
    "support": 11,
    "confused_with": {
      "saludo": 3,
      "faq": 2
    }
  },
  "matricula_procedimiento": {
    "precision": 0.6666666666666666,
    "recall": 0.6666666666666666,
    "f1-score": 0.6666666666666666,
    "support": 6,
    "confused_with": {
      "faq": 2
    }
  },
  "faq": {
    "precision": 0.9866844207723036,
    "recall": 0.9959677419354839,
    "f1-score": 0.9913043478260869,
    "support": 744,
    "confused_with": {
      "matricula_procedimiento": 2,
      "agradecimiento": 1
    }
  },
  "saludo": {
    "precision": 0.7142857142857143,
    "recall": 0.5263157894736842,
    "f1-score": 0.6060606060606061,
    "support": 19,
    "confused_with": {
      "agradecimiento": 5,
      "faq": 2
    }
  },
  "agradecimiento": {
    "precision": 0.8490566037735849,
    "recall": 0.9,
    "f1-score": 0.8737864077669903,
    "support": 50,
    "confused_with": {
      "faq": 4,
      "saludo": 1
    }
  },
  "accuracy": 0.9686746987951808,
  "macro avg": {
    "precision": 0.7766720144329872,
    "recall": 0.6905173123424396,
    "f1-score": 0.7216812527228935,
    "support": 830
  },
  "weighted avg": {
    "precision": 0.9656033748771508,
    "recall": 0.9686746987951808,
    "f1-score": 0.9661582858727047,
    "support": 830
  }
}