{
  "faq": {
    "precision": 0.9943262411347518,
    "recall": 1.0,
    "f1-score": 0.9971550497866287,
    "support": 701,
    "confused_with": {}
  },
  "agradecimiento": {
    "precision": 0.9607843137254902,
    "recall": 0.98,
    "f1-score": 0.9702970297029702,
    "support": 50,
    "confused_with": {
      "faq": 1
    }
  },
  "saludo": {
    "precision": 0.9411764705882353,
    "recall": 0.8421052631578947,
    "f1-score": 0.8888888888888888,
    "support": 19,
    "confused_with": {
      "faq": 3
    }
  },
  "despedida": {
    "precision": 1.0,
    "recall": 0.7272727272727273,
    "f1-score": 0.8421052631578948,
    "support": 11,
    "confused_with": {
      "agradecimiento": 2,
      "saludo": 1
    }
  },
  "accuracy": 0.9910371318822023,
  "macro avg": {
    "precision": 0.9740717563621193,
    "recall": 0.8873444976076554,
    "f1-score": 0.9246115578840957,
    "support": 781
  },
  "weighted avg": {
    "precision": 0.9909657665338181,
    "recall": 0.9910371318822023,
    "f1-score": 0.9906179105879654,
    "support": 781
  }
}