{
  "despedida": {
    "precision": 0.7142857142857143,
    "recall": 0.45454545454545453,
    "f1-score": 0.5555555555555556,
    "support": 11,
    "confused_with": {
      "saludo": 3,
      "agradecimiento": 2
    }
  },
  "saludo": {
    "precision": 0.7777777777777778,
    "recall": 0.7368421052631579,
    "f1-score": 0.7567567567567567,
    "support": 19,
    "confused_with": {
      "faq": 3,
      "despedida": 2
    }
  },
  "agradecimiento": {
    "precision": 0.96,
    "recall": 0.96,
    "f1-score": 0.96,
    "support": 50,
    "confused_with": {
      "faq": 2
    }
  },
  "faq": {
    "precision": 0.9867197875166003,
    "recall": 0.9986559139784946,
    "f1-score": 0.9926519706078826,
    "support": 744,
    "confused_with": {
      "saludo": 1
    }
  },
  "matricula_procedimiento": {
    "precision": 1.0,
    "recall": 0.3333333333333333,
    "f1-score": 0.5,
    "support": 6,
    "confused_with": {
      "faq": 4
    }
  },
  "accuracy": 0.9783132530120482,
  "macro avg": {
    "precision": 0.8877566559160185,
    "recall": 0.6966753614240881,
    "f1-score": 0.7529928565840389,
    "support": 830
  },
  "weighted avg": {
    "precision": 0.9768125813822545,
    "recall": 0.9783132530120482,
    "f1-score": 0.9759307899057279,
    "support": 830
  }
}