{
  "agradecimiento": {
    "precision": 0.9259259259259259,
    "recall": 1.0,
    "f1-score": 0.9615384615384615,
    "support": 50,
    "confused_with": {}
  },
  "matricula_procedimiento": {
    "precision": 0.0,
    "recall": 0.0,
    "f1-score": 0.0,
    "support": 6,
    "confused_with": {
      "faq": 6
    }
  },
  "saludo": {
    "precision": 0.7391304347826086,
    "recall": 0.8947368421052632,
    "f1-score": 0.8095238095238095,
    "support": 19,
    "confused_with": {
      "agradecimiento": 2
    }
  },
  "despedida": {
    "precision": 1.0,
    "recall": 0.36363636363636365,
    "f1-score": 0.5333333333333333,
    "support": 11,
    "confused_with": {
      "saludo": 5,
      "agradecimiento": 2
    }
  },
  "faq": {
    "precision": 0.9919678714859438,
    "recall": 0.9959677419354839,
    "f1-score": 0.993963782696177,
    "support": 744,
    "confused_with": {
      "matricula_procedimiento": 2,
      "saludo": 1
    }
  },
  "accuracy": 0.9783132530120482,
  "macro avg": {
    "precision": 0.7314048464388956,
    "recall": 0.6508681895354222,
    "f1-score": 0.6596718774183563,
    "support": 830
  },
  "weighted avg": {
    "precision": 0.9751371939068771,
    "recall": 0.9783132530120482,
    "f1-score": 0.9744983089765035,
    "support": 830
  }
}