{
  "room": {
    "precision": 0.8666666666666667,
    "recall": 0.6842105263157895,
    "f1-score": 0.7647058823529413,
    "support": 19,
    "confused_with": {
      "section": 1
    }
  },
  "course": {
    "precision": 0.9324324324324325,
    "recall": 0.7263157894736842,
    "f1-score": 0.8165680473372782,
    "support": 95,
    "confused_with": {
      "room": 2
    }
  },
  "section": {
    "precision": 0.8333333333333334,
    "recall": 0.625,
    "f1-score": 0.7142857142857143,
    "support": 8,
    "confused_with": {}
  },
  "micro avg": {
    "precision": 0.9157894736842105,
    "recall": 0.7131147540983607,
    "f1-score": 0.8018433179723502,
    "support": 122
  },
  "macro avg": {
    "precision": 0.8774774774774775,
    "recall": 0.6785087719298245,
    "f1-score": 0.7651865479919779,
    "support": 122
  },
  "weighted avg": {
    "precision": 0.9156919214296264,
    "recall": 0.7131147540983607,
    "f1-score": 0.8017841145576478,
    "support": 122
  },
  "accuracy": 0.9961348922601218
}