{
  "saludo": {
    "precision": 0.875,
    "recall": 0.7368421052631579,
    "f1-score": 0.7999999999999999,
    "support": 19,
    "confused_with": {
      "despedida": 5
    }
  },
  "agradecimiento": {
    "precision": 1.0,
    "recall": 0.96,
    "f1-score": 0.9795918367346939,
    "support": 50,
    "confused_with": {
      "faq": 2
    }
  },
  "despedida": {
    "precision": 0.625,
    "recall": 0.9090909090909091,
    "f1-score": 0.7407407407407406,
    "support": 11,
    "confused_with": {
      "saludo": 1
    }
  },
  "faq": {
    "precision": 0.9972027972027973,
    "recall": 0.9972027972027973,
    "f1-score": 0.9972027972027973,
    "support": 715,
    "confused_with": {
      "saludo": 1,
      "despedida": 1
    }
  },
  "accuracy": 0.9874213836477987,
  "macro avg": {
    "precision": 0.8743006993006993,
    "recall": 0.9007839528892161,
    "f1-score": 0.8793838436695579,
    "support": 795
  },
  "weighted avg": {
    "precision": 0.9893081761006289,
    "recall": 0.9874213836477987,
    "f1-score": 0.9878336352011104,
    "support": 795
  }
}