{
  "faq": {
    "precision": 0.9945652173913043,
    "recall": 0.997275204359673,
    "f1-score": 0.9959183673469387,
    "support": 734,
    "confused_with": {
      "saludo": 1,
      "agradecimiento": 1
    }
  },
  "saludo": {
    "precision": 0.7272727272727273,
    "recall": 0.8421052631578947,
    "f1-score": 0.7804878048780488,
    "support": 19,
    "confused_with": {
      "despedida": 2,
      "faq": 1
    }
  },
  "agradecimiento": {
    "precision": 0.9791666666666666,
    "recall": 0.94,
    "f1-score": 0.9591836734693877,
    "support": 50,
    "confused_with": {
      "faq": 3
    }
  },
  "despedida": {
    "precision": 0.75,
    "recall": 0.5454545454545454,
    "f1-score": 0.631578947368421,
    "support": 11,
    "confused_with": {
      "saludo": 5
    }
  },
  "accuracy": 0.984029484029484,
  "macro avg": {
    "precision": 0.8627511528326746,
    "recall": 0.8312087532430282,
    "f1-score": 0.8417921982656991,
    "support": 814
  },
  "weighted avg": {
    "precision": 0.9840754111999173,
    "recall": 0.984029484029484,
    "f1-score": 0.9837099533413488,
    "support": 814
  }
}