{
  "despedida": {
    "precision": 0.9,
    "recall": 0.8181818181818182,
    "f1-score": 0.8571428571428572,
    "support": 11,
    "confused_with": {
      "saludo": 2
    }
  },
  "saludo": {
    "precision": 0.8947368421052632,
    "recall": 0.8947368421052632,
    "f1-score": 0.8947368421052632,
    "support": 19,
    "confused_with": {
      "despedida": 1,
      "agradecimiento": 1
    }
  },
  "agradecimiento": {
    "precision": 0.98,
    "recall": 0.98,
    "f1-score": 0.98,
    "support": 50,
    "confused_with": {
      "faq": 1
    }
  },
  "faq": {
    "precision": 0.9986033519553073,
    "recall": 1.0,
    "f1-score": 0.9993011879804332,
    "support": 715,
    "confused_with": {}
  },
  "accuracy": 0.9937106918238994,
  "macro avg": {
    "precision": 0.9433350485151426,
    "recall": 0.9232296650717704,
    "f1-score": 0.9327952218071385,
    "support": 795
  },
  "weighted avg": {
    "precision": 0.9935866624503706,
    "recall": 0.9937106918238994,
    "f1-score": 0.9936212840686556,
    "support": 795
  }
}