{
  "room": {
    "precision": 1.0,
    "recall": 0.6842105263157895,
    "f1-score": 0.8125000000000001,
    "support": 19,
    "confused_with": {}
  },
  "course": {
    "precision": 0.8777777777777778,
    "recall": 0.8315789473684211,
    "f1-score": 0.8540540540540541,
    "support": 95,
    "confused_with": {}
  },
  "section": {
    "precision": 0.5555555555555556,
    "recall": 0.625,
    "f1-score": 0.5882352941176471,
    "support": 8,
    "confused_with": {
      "course": 1
    }
  },
  "micro avg": {
    "precision": 0.8660714285714286,
    "recall": 0.7950819672131147,
    "f1-score": 0.829059829059829,
    "support": 122
  },
  "macro avg": {
    "precision": 0.8111111111111112,
    "recall": 0.7135964912280702,
    "f1-score": 0.7515964493905671,
    "support": 122
  },
  "weighted avg": {
    "precision": 0.8756830601092895,
    "recall": 0.7950819672131147,
    "f1-score": 0.8301517826891501,
    "support": 122
  },
  "accuracy": 0.9962315199536187
}