{
  "despedida": {
    "precision": 0.8888888888888888,
    "recall": 0.7272727272727273,
    "f1-score": 0.7999999999999999,
    "support": 11,
    "confused_with": {
      "saludo": 2,
      "faq": 1
    }
  },
  "saludo": {
    "precision": 0.8888888888888888,
    "recall": 0.8421052631578947,
    "f1-score": 0.8648648648648649,
    "support": 19,
    "confused_with": {
      "faq": 1,
      "despedida": 1
    }
  },
  "agradecimiento": {
    "precision": 0.9795918367346939,
    "recall": 0.96,
    "f1-score": 0.9696969696969697,
    "support": 50,
    "confused_with": {
      "faq": 2
    }
  },
  "faq": {
    "precision": 0.9944367176634215,
    "recall": 1.0,
    "f1-score": 0.99721059972106,
    "support": 715,
    "confused_with": {}
  },
  "accuracy": 0.989937106918239,
  "macro avg": {
    "precision": 0.9379515830439733,
    "recall": 0.8823444976076555,
    "f1-score": 0.9079431085707236,
    "support": 795
  },
  "weighted avg": {
    "precision": 0.9895201404185506,
    "recall": 0.989937106918239,
    "f1-score": 0.9895885027897343,
    "support": 795
  }
}