{
  "section": {
    "precision": 0.625,
    "recall": 0.625,
    "f1-score": 0.625,
    "support": 8,
    "confused_with": {
      "course": 1
    }
  },
  "room": {
    "precision": 1.0,
    "recall": 0.9473684210526315,
    "f1-score": 0.972972972972973,
    "support": 19,
    "confused_with": {}
  },
  "course": {
    "precision": 0.7452830188679245,
    "recall": 0.8315789473684211,
    "f1-score": 0.7860696517412934,
    "support": 95,
    "confused_with": {
      "section": 1
    }
  },
  "micro avg": {
    "precision": 0.7727272727272727,
    "recall": 0.8360655737704918,
    "f1-score": 0.8031496062992125,
    "support": 122
  },
  "macro avg": {
    "precision": 0.7900943396226415,
    "recall": 0.8013157894736841,
    "f1-score": 0.7946808749047555,
    "support": 122
  },
  "weighted avg": {
    "precision": 0.7770646458397772,
    "recall": 0.8360655737704918,
    "f1-score": 0.8046156016549947,
    "support": 122
  },
  "accuracy": 0.9953618707121461
}