{
  "room": {
    "precision": 1.0,
    "recall": 0.6842105263157895,
    "f1-score": 0.8125000000000001,
    "support": 19,
    "confused_with": {
      "course": 4
    }
  },
  "course": {
    "precision": 0.8191489361702128,
    "recall": 0.8105263157894737,
    "f1-score": 0.8148148148148148,
    "support": 95,
    "confused_with": {
      "section": 2
    }
  },
  "section": {
    "precision": 0.6,
    "recall": 0.75,
    "f1-score": 0.6666666666666665,
    "support": 8,
    "confused_with": {}
  },
  "micro avg": {
    "precision": 0.8205128205128205,
    "recall": 0.7868852459016393,
    "f1-score": 0.803347280334728,
    "support": 122
  },
  "macro avg": {
    "precision": 0.8063829787234043,
    "recall": 0.7482456140350878,
    "f1-score": 0.7646604938271605,
    "support": 122
  },
  "weighted avg": {
    "precision": 0.8329438437391,
    "recall": 0.7868852459016393,
    "f1-score": 0.8047396782027929,
    "support": 122
  },
  "accuracy": 0.9960382645666248
}