{
  "agradecimiento": {
    "precision": 0.9411764705882353,
    "recall": 0.96,
    "f1-score": 0.9504950495049505,
    "support": 50,
    "confused_with": {
      "faq": 2
    }
  },
  "faq": {
    "precision": 0.9958217270194986,
    "recall": 1.0,
    "f1-score": 0.9979064898813677,
    "support": 715,
    "confused_with": {}
  },
  "despedida": {
    "precision": 1.0,
    "recall": 0.5454545454545454,
    "f1-score": 0.7058823529411764,
    "support": 11,
    "confused_with": {
      "saludo": 3,
      "agradecimiento": 2
    }
  },
  "saludo": {
    "precision": 0.85,
    "recall": 0.8947368421052632,
    "f1-score": 0.8717948717948718,
    "support": 19,
    "confused_with": {
      "faq": 1,
      "agradecimiento": 1
    }
  },
  "accuracy": 0.9886792452830189,
  "macro avg": {
    "precision": 0.9467495494019335,
    "recall": 0.8500478468899522,
    "f1-score": 0.8815196910305916,
    "support": 795
  },
  "weighted avg": {
    "precision": 0.988957683457048,
    "recall": 0.9886792452830189,
    "f1-score": 0.9878700643860137,
    "support": 795
  }
}