{
  "matricula_procedimiento": {
    "precision": 1.0,
    "recall": 1.0,
    "f1-score": 1.0,
    "support": 8,
    "confused_with": {}
  },
  "confirmar_requerir_mas_ayuda": {
    "precision": 1.0,
    "recall": 1.0,
    "f1-score": 1.0,
    "support": 9,
    "confused_with": {}
  },
  "saludo": {
    "precision": 0.9333333333333333,
    "recall": 0.9333333333333333,
    "f1-score": 0.9333333333333333,
    "support": 15,
    "confused_with": {
      "despedida": 1
    }
  },
  "ayuda": {
    "precision": 1.0,
    "recall": 0.5,
    "f1-score": 0.6666666666666666,
    "support": 2,
    "confused_with": {
      "despedida": 1
    }
  },
  "despedida": {
    "precision": 0.8,
    "recall": 0.8888888888888888,
    "f1-score": 0.8421052631578948,
    "support": 9,
    "confused_with": {
      "saludo": 1
    }
  },
  "denegar_mas_ayuda": {
    "precision": 1.0,
    "recall": 1.0,
    "f1-score": 1.0,
    "support": 18,
    "confused_with": {}
  },
  "faq": {
    "precision": 1.0,
    "recall": 1.0,
    "f1-score": 1.0,
    "support": 627,
    "confused_with": {}
  },
  "accuracy": 0.9956395348837209,
  "macro avg": {
    "precision": 0.9619047619047619,
    "recall": 0.9031746031746033,
    "f1-score": 0.9203007518796993,
    "support": 688
  },
  "weighted avg": {
    "precision": 0.9959302325581396,
    "recall": 0.9956395348837209,
    "f1-score": 0.9955120359037128,
    "support": 688
  }
}