{
  "room": {
    "precision": 1.0,
    "recall": 1.0,
    "f1-score": 1.0,
    "support": 21,
    "confused_with": {}
  },
  "course": {
    "precision": 0.9081632653061225,
    "recall": 0.9175257731958762,
    "f1-score": 0.9128205128205128,
    "support": 97,
    "confused_with": {
      "section": 4
    }
  },
  "section": {
    "precision": 0.5882352941176471,
    "recall": 1.0,
    "f1-score": 0.7407407407407407,
    "support": 10,
    "confused_with": {}
  },
  "micro avg": {
    "precision": 0.8823529411764706,
    "recall": 0.9375,
    "f1-score": 0.9090909090909091,
    "support": 128
  },
  "macro avg": {
    "precision": 0.8321328531412565,
    "recall": 0.9725085910652921,
    "f1-score": 0.8845204178537512,
    "support": 128
  },
  "weighted avg": {
    "precision": 0.8982358568427371,
    "recall": 0.9375,
    "f1-score": 0.9136796652421652,
    "support": 128
  },
  "accuracy": 0.9980067769583416
}