{
  "faq": {
    "precision": 0.9946452476572959,
    "recall": 0.9986559139784946,
    "f1-score": 0.9966465459423206,
    "support": 744,
    "confused_with": {
      "matricula_procedimiento": 1
    }
  },
  "despedida": {
    "precision": 0.75,
    "recall": 0.5454545454545454,
    "f1-score": 0.631578947368421,
    "support": 11,
    "confused_with": {
      "saludo": 4,
      "agradecimiento": 1
    }
  },
  "matricula_procedimiento": {
    "precision": 0.8,
    "recall": 0.6666666666666666,
    "f1-score": 0.7272727272727272,
    "support": 6,
    "confused_with": {
      "faq": 2
    }
  },
  "saludo": {
    "precision": 0.8,
    "recall": 0.8421052631578947,
    "f1-score": 0.8205128205128205,
    "support": 19,
    "confused_with": {
      "despedida": 2,
      "faq": 1
    }
  },
  "agradecimiento": {
    "precision": 0.98,
    "recall": 0.98,
    "f1-score": 0.98,
    "support": 50,
    "confused_with": {
      "faq": 1
    }
  },
  "accuracy": 0.9855421686746988,
  "macro avg": {
    "precision": 0.8649290495314592,
    "recall": 0.8065764778515202,
    "f1-score": 0.8312022082192577,
    "support": 830
  },
  "weighted avg": {
    "precision": 0.9846579087434074,
    "recall": 0.9855421686746988,
    "f1-score": 0.984826239223517,
    "support": 830
  }
}