{
  "saludo": {
    "precision": 0.8421052631578947,
    "recall": 0.8421052631578947,
    "f1-score": 0.8421052631578947,
    "support": 19,
    "confused_with": {
      "faq": 2,
      "despedida": 1
    }
  },
  "faq": {
    "precision": 0.9944367176634215,
    "recall": 1.0,
    "f1-score": 0.99721059972106,
    "support": 715,
    "confused_with": {}
  },
  "despedida": {
    "precision": 0.8571428571428571,
    "recall": 0.5454545454545454,
    "f1-score": 0.6666666666666665,
    "support": 11,
    "confused_with": {
      "saludo": 3,
      "agradecimiento": 2
    }
  },
  "agradecimiento": {
    "precision": 0.96,
    "recall": 0.96,
    "f1-score": 0.96,
    "support": 50,
    "confused_with": {
      "faq": 2
    }
  },
  "accuracy": 0.9874213836477987,
  "macro avg": {
    "precision": 0.9134212094910433,
    "recall": 0.83688995215311,
    "f1-score": 0.8664956323864053,
    "support": 795
  },
  "weighted avg": {
    "precision": 0.9867305969281985,
    "recall": 0.9874213836477987,
    "f1-score": 0.9865898265835109,
    "support": 795
  }
}