{
  "room": {
    "precision": 1.0,
    "recall": 0.631578947368421,
    "f1-score": 0.7741935483870968,
    "support": 19,
    "confused_with": {}
  },
  "course": {
    "precision": 0.8977272727272727,
    "recall": 0.8315789473684211,
    "f1-score": 0.8633879781420765,
    "support": 95,
    "confused_with": {}
  },
  "section": {
    "precision": 0.875,
    "recall": 0.875,
    "f1-score": 0.875,
    "support": 8,
    "confused_with": {
      "course": 1
    }
  },
  "micro avg": {
    "precision": 0.9074074074074074,
    "recall": 0.8032786885245902,
    "f1-score": 0.8521739130434782,
    "support": 122
  },
  "macro avg": {
    "precision": 0.9242424242424242,
    "recall": 0.7793859649122807,
    "f1-score": 0.8375271755097243,
    "support": 122
  },
  "weighted avg": {
    "precision": 0.9121646795827123,
    "recall": 0.8032786885245902,
    "f1-score": 0.8502584864168204,
    "support": 122
  },
  "accuracy": 0.9968112861146005
}