{
  "despedida": {
    "precision": 0.8,
    "recall": 0.7272727272727273,
    "f1-score": 0.761904761904762,
    "support": 11,
    "confused_with": {
      "saludo": 2,
      "faq": 1
    }
  },
  "matricula_procedimiento": {
    "precision": 0.6,
    "recall": 0.5,
    "f1-score": 0.5454545454545454,
    "support": 6,
    "confused_with": {
      "faq": 3
    }
  },
  "saludo": {
    "precision": 0.85,
    "recall": 0.8947368421052632,
    "f1-score": 0.8717948717948718,
    "support": 19,
    "confused_with": {
      "despedida": 2
    }
  },
  "faq": {
    "precision": 0.9946308724832215,
    "recall": 0.9959677419354839,
    "f1-score": 0.9952988582941572,
    "support": 744,
    "confused_with": {
      "matricula_procedimiento": 2,
      "saludo": 1
    }
  },
  "agradecimiento": {
    "precision": 1.0,
    "recall": 1.0,
    "f1-score": 1.0,
    "support": 50,
    "confused_with": {}
  },
  "accuracy": 0.9867469879518073,
  "macro avg": {
    "precision": 0.8489261744966443,
    "recall": 0.8235954622626949,
    "f1-score": 0.8348906074896671,
    "support": 830
  },
  "weighted avg": {
    "precision": 0.9862112881054419,
    "recall": 0.9867469879518073,
    "f1-score": 0.9864097985405244,
    "support": 830
  }
}