{
  "despedida": {
    "precision": 0.8,
    "recall": 0.7272727272727273,
    "f1-score": 0.761904761904762,
    "support": 11,
    "confused_with": {
      "agradecimiento": 2,
      "saludo": 1
    }
  },
  "matricula_procedimiento": {
    "precision": 0.8,
    "recall": 0.6666666666666666,
    "f1-score": 0.7272727272727272,
    "support": 6,
    "confused_with": {
      "faq": 2
    }
  },
  "saludo": {
    "precision": 0.9375,
    "recall": 0.7894736842105263,
    "f1-score": 0.8571428571428572,
    "support": 19,
    "confused_with": {
      "faq": 2,
      "despedida": 2
    }
  },
  "faq": {
    "precision": 0.9933155080213903,
    "recall": 0.9986559139784946,
    "f1-score": 0.9959785522788204,
    "support": 744,
    "confused_with": {
      "matricula_procedimiento": 1
    }
  },
  "agradecimiento": {
    "precision": 0.9607843137254902,
    "recall": 0.98,
    "f1-score": 0.9702970297029702,
    "support": 50,
    "confused_with": {
      "faq": 1
    }
  },
  "accuracy": 0.9867469879518073,
  "macro avg": {
    "precision": 0.898319964349376,
    "recall": 0.832413798425683,
    "f1-score": 0.8625191856604273,
    "support": 830
  },
  "weighted avg": {
    "precision": 0.9861186188604686,
    "recall": 0.9867469879518073,
    "f1-score": 0.9862086715793902,
    "support": 830
  }
}