{
  "despedida": {
    "precision": 0.8,
    "recall": 0.7272727272727273,
    "f1-score": 0.761904761904762,
    "support": 11,
    "confused_with": {
      "saludo": 3
    }
  },
  "matricula_procedimiento": {
    "precision": 0.5,
    "recall": 0.16666666666666666,
    "f1-score": 0.25,
    "support": 6,
    "confused_with": {
      "faq": 5
    }
  },
  "agradecimiento": {
    "precision": 1.0,
    "recall": 0.94,
    "f1-score": 0.9690721649484536,
    "support": 50,
    "confused_with": {
      "faq": 3
    }
  },
  "saludo": {
    "precision": 0.8095238095238095,
    "recall": 0.8947368421052632,
    "f1-score": 0.8500000000000001,
    "support": 19,
    "confused_with": {
      "despedida": 2
    }
  },
  "faq": {
    "precision": 0.9893333333333333,
    "recall": 0.9973118279569892,
    "f1-score": 0.9933065595716198,
    "support": 744,
    "confused_with": {
      "saludo": 1,
      "matricula_procedimiento": 1
    }
  },
  "accuracy": 0.9819277108433735,
  "macro avg": {
    "precision": 0.8197714285714286,
    "recall": 0.7451976128003294,
    "f1-score": 0.7648566972849671,
    "support": 830
  },
  "weighted avg": {
    "precision": 0.9798131956397016,
    "recall": 0.9819277108433735,
    "f1-score": 0.9801260734333256,
    "support": 830
  }
}