{
  "section": {
    "precision": 0.5833333333333334,
    "recall": 0.7,
    "f1-score": 0.6363636363636365,
    "support": 10,
    "confused_with": {
      "room": 1
    }
  },
  "room": {
    "precision": 0.9,
    "recall": 0.8571428571428571,
    "f1-score": 0.8780487804878048,
    "support": 21,
    "confused_with": {}
  },
  "course": {
    "precision": 0.9052631578947369,
    "recall": 0.8865979381443299,
    "f1-score": 0.8958333333333333,
    "support": 97,
    "confused_with": {
      "section": 1
    }
  },
  "micro avg": {
    "precision": 0.8740157480314961,
    "recall": 0.8671875,
    "f1-score": 0.8705882352941177,
    "support": 128
  },
  "macro avg": {
    "precision": 0.7961988304093568,
    "recall": 0.8145802650957289,
    "f1-score": 0.8034152500615915,
    "support": 128
  },
  "weighted avg": {
    "precision": 0.8792489035087719,
    "recall": 0.8671875,
    "f1-score": 0.8726444850563562,
    "support": 128
  },
  "accuracy": 0.9970101654375124
}