{
  "config": [
    [
      0.9721401664242797,
      0.9643757755273586,
      0.9518166962995783,
      0.9457272952296523
    ],
    [
      0.9759036144578314,
      0.9847777157363329,
      0.9610269650028688,
      0.9640889137947137
    ],
    [
      0.9719036313113971,
      0.9548105941490935,
      0.9383018412447605,
      0.9300141743444366
    ]
  ],
  "config_bert_multilingual": [
    [
      0.9743975903614458,
      0.9774197122939919,
      0.9712671739589941,
      0.9518972188911979
    ],
    [
      0.9752336908963414,
      0.9708733925601396,
      0.9682157200229489,
      0.9583516791418165
    ],
    [
      0.9607250052842953,
      0.95423999430724,
      0.9518972188911979,
      0.9442244224422441
    ]
  ]
}