{
  "faq": {
    "precision": 0.99721059972106,
    "recall": 1.0,
    "f1-score": 0.9986033519553074,
    "support": 715,
    "confused_with": {}
  },
  "saludo": {
    "precision": 0.8333333333333334,
    "recall": 0.7894736842105263,
    "f1-score": 0.8108108108108109,
    "support": 19,
    "confused_with": {
      "despedida": 2,
      "faq": 1
    }
  },
  "agradecimiento": {
    "precision": 0.98,
    "recall": 0.98,
    "f1-score": 0.98,
    "support": 50,
    "confused_with": {
      "faq": 1
    }
  },
  "despedida": {
    "precision": 0.8,
    "recall": 0.7272727272727273,
    "f1-score": 0.761904761904762,
    "support": 11,
    "confused_with": {
      "saludo": 3
    }
  },
  "accuracy": 0.989937106918239,
  "macro avg": {
    "precision": 0.9026359832635984,
    "recall": 0.8741866028708134,
    "f1-score": 0.88782973116772,
    "support": 795
  },
  "weighted avg": {
    "precision": 0.9894829083445171,
    "recall": 0.989937106918239,
    "f1-score": 0.9896701313640284,
    "support": 795
  }
}