{
  "agradecimiento": {
    "precision": 0.9795918367346939,
    "recall": 0.96,
    "f1-score": 0.9696969696969697,
    "support": 50,
    "confused_with": {
      "faq": 2
    }
  },
  "saludo": {
    "precision": 0.85,
    "recall": 0.8947368421052632,
    "f1-score": 0.8717948717948718,
    "support": 19,
    "confused_with": {
      "despedida": 1,
      "agradecimiento": 1
    }
  },
  "despedida": {
    "precision": 0.875,
    "recall": 0.6363636363636364,
    "f1-score": 0.7368421052631579,
    "support": 11,
    "confused_with": {
      "saludo": 3,
      "faq": 1
    }
  },
  "faq": {
    "precision": 0.9958217270194986,
    "recall": 1.0,
    "f1-score": 0.9979064898813677,
    "support": 715,
    "confused_with": {}
  },
  "accuracy": 0.989937106918239,
  "macro avg": {
    "precision": 0.9251033909385481,
    "recall": 0.8727751196172249,
    "f1-score": 0.8940601091590918,
    "support": 795
  },
  "weighted avg": {
    "precision": 0.9896441844725486,
    "recall": 0.989937106918239,
    "f1-score": 0.9895061062541178,
    "support": 795
  }
}