{
  "faq": {
    "precision": 0.9985974754558204,
    "recall": 0.9958041958041958,
    "f1-score": 0.9971988795518206,
    "support": 715,
    "confused_with": {
      "saludo": 3
    }
  },
  "agradecimiento": {
    "precision": 1.0,
    "recall": 0.98,
    "f1-score": 0.98989898989899,
    "support": 50,
    "confused_with": {
      "faq": 1
    }
  },
  "saludo": {
    "precision": 0.6333333333333333,
    "recall": 1.0,
    "f1-score": 0.7755102040816326,
    "support": 19,
    "confused_with": {}
  },
  "despedida": {
    "precision": 1.0,
    "recall": 0.2727272727272727,
    "f1-score": 0.42857142857142855,
    "support": 11,
    "confused_with": {
      "saludo": 8
    }
  },
  "accuracy": 0.9849056603773585,
  "macro avg": {
    "precision": 0.9079827021972884,
    "recall": 0.8121328671328671,
    "f1-score": 0.797794875525968,
    "support": 795
  },
  "weighted avg": {
    "precision": 0.9899755072757798,
    "recall": 0.9849056603773585,
    "f1-score": 0.9835737458696074,
    "support": 795
  }
}