{
  "saludo": {
    "precision": 0.72,
    "recall": 0.9473684210526315,
    "f1-score": 0.8181818181818181,
    "support": 19,
    "confused_with": {
      "despedida": 1
    }
  },
  "matricula_procedimiento": {
    "precision": 0.3333333333333333,
    "recall": 0.16666666666666666,
    "f1-score": 0.2222222222222222,
    "support": 6,
    "confused_with": {
      "faq": 3,
      "despedida": 1
    }
  },
  "agradecimiento": {
    "precision": 0.9615384615384616,
    "recall": 1.0,
    "f1-score": 0.9803921568627451,
    "support": 50,
    "confused_with": {}
  },
  "despedida": {
    "precision": 0.6,
    "recall": 0.2727272727272727,
    "f1-score": 0.37499999999999994,
    "support": 11,
    "confused_with": {
      "saludo": 6,
      "matricula_procedimiento": 2
    }
  },
  "faq": {
    "precision": 0.9959731543624161,
    "recall": 0.9973118279569892,
    "f1-score": 0.9966420416386836,
    "support": 744,
    "confused_with": {
      "saludo": 1,
      "agradecimiento": 1
    }
  },
  "accuracy": 0.980722891566265,
  "macro avg": {
    "precision": 0.7221689898468422,
    "recall": 0.6768148376807119,
    "f1-score": 0.6784876477810938,
    "support": 830
  },
  "weighted avg": {
    "precision": 0.9775433131597115,
    "recall": 0.980722891566265,
    "f1-score": 0.9777410538567539,
    "support": 830
  }
}