{
  "section": {
    "precision": 0.14285714285714285,
    "recall": 0.125,
    "f1-score": 0.13333333333333333,
    "support": 8,
    "confused_with": {
      "course": 3
    }
  },
  "room": {
    "precision": 0.6111111111111112,
    "recall": 0.5789473684210527,
    "f1-score": 0.5945945945945946,
    "support": 19,
    "confused_with": {}
  },
  "course": {
    "precision": 0.72,
    "recall": 0.5684210526315789,
    "f1-score": 0.6352941176470588,
    "support": 95,
    "confused_with": {
      "room": 3
    }
  },
  "micro avg": {
    "precision": 0.66,
    "recall": 0.5409836065573771,
    "f1-score": 0.5945945945945946,
    "support": 122
  },
  "macro avg": {
    "precision": 0.4913227513227513,
    "recall": 0.42412280701754385,
    "f1-score": 0.4544073485249956,
    "support": 122
  },
  "weighted avg": {
    "precision": 0.6651964610981004,
    "recall": 0.5409836065573771,
    "f1-score": 0.5960402060691357,
    "support": 122
  },
  "accuracy": 0.9919799014397527
}