{
  "despedida": {
    "precision": 0.7777777777777778,
    "recall": 0.6363636363636364,
    "f1-score": 0.7000000000000001,
    "support": 11,
    "confused_with": {
      "saludo": 3,
      "agradecimiento": 1
    }
  },
  "agradecimiento": {
    "precision": 0.9423076923076923,
    "recall": 0.98,
    "f1-score": 0.9607843137254902,
    "support": 50,
    "confused_with": {
      "faq": 1
    }
  },
  "faq": {
    "precision": 0.9985994397759104,
    "recall": 0.9972027972027973,
    "f1-score": 0.9979006298110568,
    "support": 715,
    "confused_with": {
      "despedida": 1,
      "agradecimiento": 1
    }
  },
  "saludo": {
    "precision": 0.85,
    "recall": 0.8947368421052632,
    "f1-score": 0.8717948717948718,
    "support": 19,
    "confused_with": {
      "despedida": 1,
      "agradecimiento": 1
    }
  },
  "accuracy": 0.9886792452830189,
  "macro avg": {
    "precision": 0.8921712274653452,
    "recall": 0.8770758189179242,
    "f1-score": 0.8826199538328547,
    "support": 795
  },
  "weighted avg": {
    "precision": 0.9884522510826618,
    "recall": 0.9886792452830189,
    "f1-score": 0.9884305264972107,
    "support": 795
  }
}